ip,country,country_code,region_code,region_name,city,lat,lon,as_name,first_seen
101.201.247.234,China,CN,BJ,Beijing,Beijing,39.911,116.395,"AS37963 Hangzhou Alibaba Advertising Co.,Ltd.",2026-04-20
103.217.252.120,Netherlands,NL,NH,North Holland,Amsterdam,52.3716,4.8883,AS206264 Amarutu Technology Ltd,2026-04-20
103.42.142.59,Australia,AU,NSW,New South Wales,Sydney,-33.8932,151.0161,AS38835 Buroserv Australia Pty Ltd,2026-04-20
104.21.43.40,Canada,CA,ON,Ontario,Toronto,43.6532,-79.3832,"AS13335 Cloudflare, Inc.",2026-04-20
104.21.55.33,Canada,CA,ON,Ontario,Toronto,43.6532,-79.3832,"AS13335 Cloudflare, Inc.",2026-04-20
108.187.4.141,Hong Kong,HK,,Kowloon,Hong Kong,22.3193,114.169,AS138995 Antbox Networks Limited,2026-04-20
118.25.183.203,China,CN,SH,Shanghai,Shanghai,31.2222,121.4581,AS45090 Shenzhen Tencent Computer Systems Company Limited,2026-04-20
124.71.25.92,China,CN,GD,Guangdong,Guangzhou,23.129,113.2643,AS55990 Huawei Cloud Service data center,2026-04-20
128.90.141.158,France,FR,IDF,Île-de-France,Paris,48.8558,2.3494,"AS22363 Powerhouse Management, Inc.",2026-04-20
130.12.180.135,Netherlands,NL,NH,North Holland,Amsterdam,52.3759,4.8975,AS202412 Omegatech LTD,2026-04-20
134.122.203.197,Japan,JP,13,Tokyo,Tokyo,35.6974,139.7705,AS152194 CTG Server Limited,2026-04-20
136.243.203.101,Germany,DE,SN,Saxony,Falkenstein,50.4754,12.3683,AS24940 Hetzner Online GmbH,2026-04-20
136.243.203.102,Germany,DE,SN,Saxony,Falkenstein,50.4754,12.3683,AS24940 Hetzner Online GmbH,2026-04-20
136.243.203.103,Germany,DE,SN,Saxony,Falkenstein,50.4754,12.3683,AS24940 Hetzner Online GmbH,2026-04-20
136.243.203.104,Germany,DE,SN,Saxony,Falkenstein,50.4754,12.3683,AS24940 Hetzner Online GmbH,2026-04-20
136.243.203.105,Germany,DE,SN,Saxony,Falkenstein,50.4754,12.3683,AS24940 Hetzner Online GmbH,2026-04-20
136.243.203.106,Germany,DE,SN,Saxony,Falkenstein,50.4754,12.3683,AS24940 Hetzner Online GmbH,2026-04-20
136.243.203.107,Germany,DE,SN,Saxony,Falkenstein,50.4754,12.3683,AS24940 Hetzner Online GmbH,2026-04-20
136.243.203.108,Germany,DE,SN,Saxony,Falkenstein,50.4754,12.3683,AS24940 Hetzner Online GmbH,2026-04-20
136.243.203.109,Germany,DE,SN,Saxony,Falkenstein,50.4754,12.3683,AS24940 Hetzner Online GmbH,2026-04-20
136.243.203.110,Germany,DE,SN,Saxony,Falkenstein,50.4754,12.3683,AS24940 Hetzner Online GmbH,2026-04-20
136.243.203.111,Germany,DE,SN,Saxony,Falkenstein,50.4754,12.3683,AS24940 Hetzner Online GmbH,2026-04-20
136.243.203.96,Germany,DE,SN,Saxony,Falkenstein,50.4754,12.3683,AS24940 Hetzner Online GmbH,2026-04-20
136.243.203.99,Germany,DE,SN,Saxony,Falkenstein,50.4754,12.3683,AS24940 Hetzner Online GmbH,2026-04-20
136.243.87.135,Germany,DE,SN,Saxony,Falkenstein,50.4777,12.3649,AS24940 Hetzner Online GmbH,2026-04-20
138.199.221.242,Germany,DE,BY,Bavaria,Nuremberg,49.4527,11.0783,AS24940 Hetzner Online GmbH,2026-04-20
138.199.246.13,Germany,DE,HE,Hesse,Frankfurt am Main,50.1109,8.68213,AS24940 Hetzner Online GmbH,2026-04-20
138.199.246.14,Germany,DE,HE,Hesse,Frankfurt am Main,50.1109,8.68213,AS24940 Hetzner Online GmbH,2026-04-20
138.199.246.15,Germany,DE,HE,Hesse,Frankfurt am Main,50.1109,8.68213,AS24940 Hetzner Online GmbH,2026-04-20
138.226.236.215,Belize,BZ,BZ,Belize District,Belize City,17.5018,-88.1956,AS205775 NEON CORE NETWORK LLC,2026-04-20
141.98.80.148,The Netherlands,NL,NH,North Holland,Amsterdam,52.3676,4.90414,AS43350 NForce Entertainment B.V.,2026-04-20
142.171.48.144,United States,US,CA,California,Los Angeles,34.0544,-118.244,AS35916 MULTACOM CORPORATION,2026-04-20
149.88.86.94,Hong Kong,HK,NKT,Kwai Tsing District,Kwai Chung,22.374,114.1369,AS401696 cognetcloud INC,2026-04-20
150.241.81.137,Sweden,SE,AB,Stockholm,Stockholm,59.3293,18.0685,AS210644 AEZA INTERNATIONAL LTD,2026-04-20
152.136.159.25,China,CN,BJ,Beijing,Beijing,39.911,116.395,AS45090 Shenzhen Tencent Computer Systems Company Limited,2026-04-20
158.94.210.248,Netherlands,NL,NH,North Holland,Amsterdam,52.3759,4.8975,AS202412 Omegatech LTD,2026-04-20
159.69.15.196,Germany,DE,BY,Bavaria,Nuremberg,49.4527,11.0783,AS24940 Hetzner Online GmbH,2026-04-20
159.69.23.17,Germany,DE,BY,Bavaria,Nuremberg,49.4527,11.0783,AS24940 Hetzner Online GmbH,2026-04-20
162.243.103.246,United States,US,NJ,New Jersey,Secaucus,40.7876,-74.06,"AS14061 DigitalOcean, LLC",2026-04-20
162.55.174.169,Germany,DE,SN,Saxony,Falkenstein,50.4777,12.3649,AS24940 Hetzner Online GmbH,2026-04-20
170.75.168.148,Canada,CA,ON,Ontario,Toronto,43.6532,-79.3832,"AS174 Cogent Communications, LLC",2026-04-20
170.75.175.19,Canada,CA,ON,Ontario,Toronto,43.7696,-79.3309,"AS174 Cogent Communications, LLC",2026-04-20
172.245.4.229,United States,US,NY,New York,Buffalo,42.8864,-78.8784,AS36352 HostPapa,2026-04-20
172.67.144.104,Canada,CA,ON,Ontario,Toronto,43.6532,-79.3832,"AS13335 Cloudflare, Inc.",2026-04-20
172.67.218.225,Canada,CA,ON,Ontario,Toronto,43.6532,-79.3832,"AS13335 Cloudflare, Inc.",2026-04-20
172.67.220.51,Canada,CA,ON,Ontario,Toronto,43.6532,-79.3832,"AS13335 Cloudflare, Inc.",2026-04-20
176.65.139.59,The Netherlands,NL,LI,Limburg,Eygelshoven,50.8933,6.05805,AS214472 Offshore LC,2026-04-20
176.65.148.141,Netherlands,NL,LI,Limburg,Eygelshoven,50.8897,6.0563,AS51396 Pfcloud UG,2026-04-20
178.104.102.219,Germany,DE,BY,Bavaria,Nuremberg,49.4527,11.0783,AS24940 Hetzner Online GmbH,2026-04-20
178.104.153.9,Germany,DE,BY,Bavaria,Nuremberg,49.4543,11.0746,AS24940 Hetzner Online GmbH,2026-04-20
178.104.98.66,Germany,DE,BY,Bavaria,Nuremberg,49.4527,11.0783,AS24940 Hetzner Online GmbH,2026-04-20
178.16.54.109,Netherlands,NL,NH,North Holland,Amsterdam,52.3759,4.8975,AS202412 Omegatech LTD,2026-04-20
178.62.3.223,United Kingdom,GB,ENG,England,Slough,51.5177,-0.6215,"AS14061 DigitalOcean, LLC",2026-04-20
179.43.176.101,Switzerland,CH,ZH,Zurich,Rümlang,47.4505,8.5255,AS51852 Private Layer INC,2026-04-20
185.211.100.50,Turkey,TR,34,Istanbul,Istanbul,41.0082,28.9784,AS216084 Kerem Uluboy,2026-04-20
185.228.83.217,The Netherlands,NL,FL,Flevoland,Dronten,52.5347,5.72181,AS208258 Access2.IT Network,2026-04-20
185.56.45.235,United Kingdom,GB,ENG,England,Slough,51.5225,-0.62905,AS399486 12651980 CANADA INC.,2026-04-20
192.3.45.7,United States,US,NY,New York,Buffalo,42.8864,-78.8784,AS36352 HostPapa,2026-04-20
193.24.123.23,Russia,RU,SPE,St.-Petersburg,St Petersburg,59.9311,30.3609,AS200593 PROSPERO OOO,2026-04-20
199.91.220.89,The Netherlands,NL,NH,North Holland,Amsterdam,52.3676,4.90414,AS399629 BL Networks,2026-04-20
2.56.179.16,United Kingdom,GB,ENG,England,City of London,51.5164,-0.093,AS209847 WorkTitans B.V.,2026-04-20
20.166.18.164,Ireland,IE,L,Leinster,Dublin,53.3478,-6.2597,AS8075 Microsoft Corporation,2026-04-20
20.6.131.88,Hong Kong,HK,HCW,Central and Western District,Hong Kong,22.267,114.188,AS8075 Microsoft Corporation,2026-04-20
202.95.8.221,Singapore,SG,03,North West,Singapore,1.35208,103.82,AS152194 CTG Server Limited,2026-04-20
218.244.142.4,China,CN,ZJ,Zhejiang,Hangzhou,30.2943,120.1663,"AS37963 Hangzhou Alibaba Advertising Co.,Ltd.",2026-04-20
23.254.226.86,United Kingdom,GB,ENG,England,London,51.5072,-0.127586,AS54290 Hostwinds LLC.,2026-04-20
27.133.154.218,Japan,JP,27,Osaka,Osaka,34.706,135.493,AS9370 SAKURA Internet Inc.,2026-04-20
27.71.186.244,Vietnam,VN,SG,Ho Chi Minh,Ho Chi Minh City,10.822,106.6257,AS7552 Viettel Group,2026-04-20
31.57.129.30,Hong Kong,HK,,Kowloon,Hong Kong,22.3193,114.169,AS210718 FIVE CYBER HOST SECURITY S.R.L.,2026-04-20
31.57.201.238,The Netherlands,NL,LI,Limburg,Eygelshoven,50.8933,6.05805,AS40662 Layer7 Technologies Inc,2026-04-20
34.204.119.63,United States,US,VA,Virginia,Ashburn,39.0438,-77.4874,"AS14618 Amazon.com, Inc.",2026-04-20
38.124.86.76,United States,US,LA,Louisiana,New Orleans,29.953,-90.0764,"AS174 Cogent Communications, LLC",2026-04-20
38.127.138.77,United States,US,DC,District of Columbia,Washington,38.894,-77.0365,"AS174 Cogent Communications, LLC",2026-04-20
39.100.66.238,China,CN,BJ,Beijing,Beijing,39.911,116.395,"AS37963 Hangzhou Alibaba Advertising Co.,Ltd.",2026-04-20
42.224.96.49,China,CN,HA,Henan,Zhengzhou,34.7472,113.625,AS4837 CHINA UNICOM China169 Backbone,2026-04-20
45.141.148.126,Türkiye,TR,34,Istanbul,Istanbul,41.0019,28.9645,"AS44382 Fiba Cloud Operation Company, LLC",2026-04-20
45.225.135.61,Switzerland,CH,ZH,Zurich,Zurich,47.3878,8.52029,AS64107 RACK SPHERE HOSTING S.A.,2026-04-20
45.227.253.121,Bolivia,BO,L,La Paz Department,La Paz,-16.4897,-68.1193,AS209272 Alviva Holding Limited,2026-04-20
45.59.117.67,Switzerland,CH,BE,Bern,Bern,46.9454,7.4531,AS14956 RouterHosting LLC,2026-04-20
46.151.182.197,Ukraine,UA,30,Kyiv City,Kyiv,50.4504,30.5245,AS205759 Ghosty Networks LLC,2026-04-20
46.225.155.213,Germany,DE,SN,Saxony,Falkenstein,50.4777,12.3649,AS24940 Hetzner Online GmbH,2026-04-20
46.225.19.188,Germany,DE,BY,Bavaria,Nuremberg,49.4527,11.0783,AS24940 Hetzner Online GmbH,2026-04-20
49.13.193.220,Germany,DE,BY,Bavaria,Nuremberg,49.4527,11.0783,AS24940 Hetzner Online GmbH,2026-04-20
49.233.70.247,China,CN,BJ,Beijing,Beijing,39.911,116.395,AS45090 Shenzhen Tencent Computer Systems Company Limited,2026-04-20
50.16.16.211,United States,US,VA,Virginia,Ashburn,39.0438,-77.4874,"AS14618 Amazon.com, Inc.",2026-04-20
51.89.90.179,United Kingdom,GB,ENG,England,London,51.5081,-0.1278,AS16276 OVH SAS,2026-04-20
57.158.24.51,Hong Kong,HK,HCW,Central and Western District,Hong Kong,22.267,114.188,AS8075 Microsoft Corporation,2026-04-20
62.238.12.177,The Netherlands,NL,ZH,South Holland,Schiedam,51.9229,4.40833,AS24940 Hetzner Online GmbH,2026-04-20
62.238.14.63,The Netherlands,NL,ZH,South Holland,Schiedam,51.9229,4.40833,AS24940 Hetzner Online GmbH,2026-04-20
64.89.160.73,Luxembourg,LU,DI,Diekirch,Schieren,49.8153,6.12958,AS205759 Ghosty Networks LLC,2026-04-20
69.67.172.210,Romania,RO,B,București,Bucharest,44.4268,26.1025,AS399629 BL Networks,2026-04-20
77.83.36.163,Seychelles,SC,16,La Rivière Anglaise,Victoria,-4.62602,55.4542,AS214403 Layer7 Networks GmbH,2026-04-20
80.96.113.253,Romania,RO,B,București,Bucharest,44.4268,26.1025,AS200019 ALEXHOST SRL,2026-04-20
82.156.90.136,China,CN,BJ,Beijing,Beijing,39.911,116.395,AS45090 Shenzhen Tencent Computer Systems Company Limited,2026-04-20
88.198.157.133,Germany,DE,BY,Bavaria,Nuremberg,49.4527,11.0783,AS24940 Hetzner Online GmbH,2026-04-20
91.92.240.109,Germany,DE,HE,Hesse,Frankfurt am Main,50.1517,8.7523,AS202412 Omegatech LTD,2026-04-20
91.92.240.117,Germany,DE,HE,Hesse,Frankfurt am Main,50.1517,8.7523,AS202412 Omegatech LTD,2026-04-20
91.92.240.121,Germany,DE,HE,Hesse,Frankfurt am Main,50.1517,8.7523,AS202412 Omegatech LTD,2026-04-20
91.92.240.127,Germany,DE,HE,Hesse,Frankfurt am Main,50.1517,8.7523,AS202412 Omegatech LTD,2026-04-20
91.92.241.160,Netherlands,NL,NH,North Holland,Amsterdam,52.3759,4.8975,AS202412 Omegatech LTD,2026-04-20
91.92.241.182,Netherlands,NL,NH,North Holland,Amsterdam,52.3759,4.8975,AS202412 Omegatech LTD,2026-04-20
91.92.241.6,Netherlands,NL,NH,North Holland,Amsterdam,52.3759,4.8975,AS202412 Omegatech LTD,2026-04-20
91.98.135.119,Germany,DE,BY,Bavaria,Nuremberg,49.4527,11.0783,AS24940 Hetzner Online GmbH,2026-04-20
91.98.226.49,Germany,DE,BY,Bavaria,Nuremberg,49.4527,11.0783,AS24940 Hetzner Online GmbH,2026-04-20
91.99.3.102,Germany,DE,SN,Saxony,Falkenstein,50.4777,12.3649,AS24940 Hetzner Online GmbH,2026-04-20
91.99.6.138,Germany,DE,SN,Saxony,Falkenstein,50.4777,12.3649,AS24940 Hetzner Online GmbH,2026-04-20
94.232.46.16,Russia,RU,MOW,Moscow,Moscow,55.8906,37.6517,AS64439 RocketCloud.ru,2026-04-20
