year,month,date,unemployment,cpi,fed_funds,ten_year,vix,sp500_level,president,party,ongoing
1999,1,1999-01-01,3.91,2.06,5.49,6.05,20.86,1318.7,Bill Clinton,Democratic,FALSE
1999,2,1999-02-01,4.31,1.83,5.53,6.3,27.06,1332.5,Bill Clinton,Democratic,FALSE
1999,3,1999-03-01,4.24,2.58,5.46,6.11,23.58,1318.7,Bill Clinton,Democratic,FALSE
1999,4,1999-04-01,3.98,2.21,5.61,5.82,27.65,1349,Bill Clinton,Democratic,FALSE
1999,5,1999-05-01,4.16,2.71,5.41,5.89,21.71,1407.5,Bill Clinton,Democratic,FALSE
1999,6,1999-06-01,4.11,1.78,5.26,5.81,25.25,1378.2,Bill Clinton,Democratic,FALSE
1999,7,1999-07-01,4.28,2.19,5.56,5.99,23.49,1384.7,Bill Clinton,Democratic,FALSE
1999,8,1999-08-01,4.17,2.45,5.49,5.97,23.24,1416.5,Bill Clinton,Democratic,FALSE
1999,9,1999-09-01,4.29,2.48,5.43,5.87,24.74,1436.7,Bill Clinton,Democratic,FALSE
1999,10,1999-10-01,4.15,1.58,5.69,6.1,26.54,1486.6,Bill Clinton,Democratic,FALSE
1999,11,1999-11-01,4.36,2.16,5.64,6.2,21.36,1521.5,Bill Clinton,Democratic,FALSE
1999,12,1999-12-01,4.44,2.36,5.42,5.9,22.5,1548.3,Bill Clinton,Democratic,FALSE
2000,1,2000-01-01,4.03,3.32,6.52,5.94,22.14,1531.5,Bill Clinton,Democratic,FALSE
2000,2,2000-02-01,4.15,3.16,6.27,6.17,24.27,1514,Bill Clinton,Democratic,FALSE
2000,3,2000-03-01,3.87,3.71,6.49,6.22,22.09,1515.1,Bill Clinton,Democratic,FALSE
2000,4,2000-04-01,4.09,3.31,6.5,5.88,22.44,1445.7,Bill Clinton,Democratic,FALSE
2000,5,2000-05-01,3.92,3.64,6.51,5.98,21.41,1439.6,Bill Clinton,Democratic,FALSE
2000,6,2000-06-01,3.83,3.48,6.53,5.83,24.54,1377.7,Bill Clinton,Democratic,FALSE
2000,7,2000-07-01,3.79,3.64,6.49,5.86,22.78,1367.5,Bill Clinton,Democratic,FALSE
2000,8,2000-08-01,3.89,3.33,6.41,6.16,22.14,1336,Bill Clinton,Democratic,FALSE
2000,9,2000-09-01,4.1,3.26,6.66,5.84,23.62,1385.6,Bill Clinton,Democratic,FALSE
2000,10,2000-10-01,4.13,3.43,6.64,6.07,19.26,1358,Bill Clinton,Democratic,FALSE
2000,11,2000-11-01,4.02,3.27,6.39,6.07,28.16,1370.6,Bill Clinton,Democratic,FALSE
2000,12,2000-12-01,4.2,3.25,6.57,5.97,23.14,1408.3,Bill Clinton,Democratic,FALSE
2001,1,2001-01-01,4.81,3.16,1.81,4.92,29.34,1439.1,Bill Clinton,Democratic,FALSE
2001,2,2001-02-01,4.79,2.42,1.85,5.08,27.84,1431.5,George W. Bush,Republican,FALSE
2001,3,2001-03-01,4.89,3.1,1.82,5.11,26.14,1424,George W. Bush,Republican,FALSE
2001,4,2001-04-01,4.5,2.44,1.74,4.9,27.97,1390.6,George W. Bush,Republican,FALSE
2001,5,2001-05-01,4.56,2.9,1.78,4.93,26.59,1362.5,George W. Bush,Republican,FALSE
2001,6,2001-06-01,4.43,2.99,1.78,4.85,23.34,1319.3,George W. Bush,Republican,FALSE
2001,7,2001-07-01,4.67,2.83,1.68,4.96,24.6,1276.5,George W. Bush,Republican,FALSE
2001,8,2001-08-01,4.71,2.79,1.45,5.24,25.98,1286.3,George W. Bush,Republican,FALSE
2001,9,2001-09-01,4.8,2.64,1.85,5.15,26.12,1261.4,George W. Bush,Republican,FALSE
2001,10,2001-10-01,4.7,2.49,1.74,4.82,22.57,1267.1,George W. Bush,Republican,FALSE
2001,11,2001-11-01,4.74,2.63,1.8,5.02,25.06,1255.3,George W. Bush,Republican,FALSE
2001,12,2001-12-01,4.79,3.19,1.69,5.01,26.45,1247.7,George W. Bush,Republican,FALSE
2002,1,2002-01-01,5.66,1.85,1.16,4.78,27.94,1181.3,George W. Bush,Republican,FALSE
2002,2,2002-02-01,5.86,1.79,1.4,4.7,26.2,1164.3,George W. Bush,Republican,FALSE
2002,3,2002-03-01,5.9,1.42,1.22,4.77,27.41,1131.8,George W. Bush,Republican,FALSE
2002,4,2002-04-01,5.73,1.42,1.27,4.52,28.25,1109.5,George W. Bush,Republican,FALSE
2002,5,2002-05-01,5.82,1.32,1.2,4.65,26.71,1101.5,George W. Bush,Republican,FALSE
2002,6,2002-06-01,5.95,1.36,1.19,4.53,23.61,1107.7,George W. Bush,Republican,FALSE
2002,7,2002-07-01,5.81,1.61,1.26,4.5,29.69,1059.2,George W. Bush,Republican,FALSE
2002,8,2002-08-01,6.06,1.89,1.24,4.58,27.99,1036.4,George W. Bush,Republican,FALSE
2002,9,2002-09-01,5.7,1.94,1.28,4.55,21.9,993.1,George W. Bush,Republican,FALSE
2002,10,2002-10-01,5.52,1.07,1.19,4.72,27.69,988.7,George W. Bush,Republican,FALSE
2002,11,2002-11-01,5.79,1.69,1.33,4.4,28.49,957.3,George W. Bush,Republican,FALSE
2002,12,2002-12-01,5.8,1.82,1.27,4.5,28.13,994.7,George W. Bush,Republican,FALSE
2003,1,2003-01-01,6.04,2.51,1.03,4.18,20.26,997.5,George W. Bush,Republican,FALSE
2003,2,2003-02-01,6.22,2.32,1.15,4.12,24.7,1016.6,George W. Bush,Republican,FALSE
2003,3,2003-03-01,5.92,2.12,1.01,4.11,24.33,1051.3,George W. Bush,Republican,FALSE
2003,4,2003-04-01,6.03,2.38,0.88,3.97,22.76,1070.9,George W. Bush,Republican,FALSE
2003,5,2003-05-01,6.04,2.59,1.02,4.14,20.51,1118.2,George W. Bush,Republican,FALSE
2003,6,2003-06-01,5.98,2.11,1.02,3.78,18.66,1094.3,George W. Bush,Republican,FALSE
2003,7,2003-07-01,5.94,2.02,1.02,3.99,20.55,1127,George W. Bush,Republican,FALSE
2003,8,2003-08-01,6.16,2.15,0.94,3.78,20.88,1171,George W. Bush,Republican,FALSE
2003,9,2003-09-01,5.77,2.44,0.95,4.03,25.4,1221.3,George W. Bush,Republican,FALSE
2003,10,2003-10-01,5.95,2.79,0.95,3.98,20.39,1253.5,George W. Bush,Republican,FALSE
2003,11,2003-11-01,6.15,2.02,1.08,3.96,22.58,1301.2,George W. Bush,Republican,FALSE
2003,12,2003-12-01,5.79,2.16,0.96,3.96,22.98,1318.4,George W. Bush,Republican,FALSE
2004,1,2004-01-01,5.43,2.73,2.32,4.45,15.64,1332.7,George W. Bush,Republican,FALSE
2004,2,2004-02-01,5.51,2.68,2.34,4.26,13.87,1356.1,George W. Bush,Republican,FALSE
2004,3,2004-03-01,5.78,2.78,2.27,4.22,15.77,1368.9,George W. Bush,Republican,FALSE
2004,4,2004-04-01,5.42,2.95,2.12,4.45,16.62,1348.7,George W. Bush,Republican,FALSE
2004,5,2004-05-01,5.44,2.37,2.09,4.26,14.69,1351.4,George W. Bush,Republican,FALSE
2004,6,2004-06-01,5.73,3.02,2.31,4.19,17.07,1353,George W. Bush,Republican,FALSE
2004,7,2004-07-01,5.31,2.73,2.23,4.18,14.38,1351.7,George W. Bush,Republican,FALSE
2004,8,2004-08-01,5.59,2.79,2.31,4.28,14.49,1401.1,George W. Bush,Republican,FALSE
2004,9,2004-09-01,5.18,2.86,2.27,4.39,18.16,1459.9,George W. Bush,Republican,FALSE
2004,10,2004-10-01,5.61,2.24,2.13,4.09,13.89,1400.6,George W. Bush,Republican,FALSE
2004,11,2004-11-01,5.71,2.83,2.39,4.37,11.04,1432.6,George W. Bush,Republican,FALSE
2004,12,2004-12-01,5.3,2.42,2.22,4.48,14.38,1465.5,George W. Bush,Republican,FALSE
2005,1,2005-01-01,5.03,2.92,4.25,4.26,11.04,1470.3,George W. Bush,Republican,FALSE
2005,2,2005-02-01,5.12,3.47,4.11,4.59,15.68,1519.4,George W. Bush,Republican,FALSE
2005,3,2005-03-01,4.92,3.24,4.35,4.14,11.2,1458.7,George W. Bush,Republican,FALSE
2005,4,2005-04-01,5.35,3.19,4.21,4.19,11.62,1474.8,George W. Bush,Republican,FALSE
2005,5,2005-05-01,5.22,3.31,4.19,4.48,12.95,1464.7,George W. Bush,Republican,FALSE
2005,6,2005-06-01,5.18,3.05,4.26,4.11,14.73,1503.7,George W. Bush,Republican,FALSE
2005,7,2005-07-01,5.09,3.14,4.38,4.31,13.26,1495.4,George W. Bush,Republican,FALSE
2005,8,2005-08-01,5.09,3.6,4.19,4.43,12.63,1500.1,George W. Bush,Republican,FALSE
2005,9,2005-09-01,4.84,4.17,4.33,4.25,12.16,1519,George W. Bush,Republican,FALSE
2005,10,2005-10-01,4.96,3.41,4.3,4.27,16.65,1567.5,George W. Bush,Republican,FALSE
2005,11,2005-11-01,5.04,3.98,4.16,4.37,12.37,1575.9,George W. Bush,Republican,FALSE
2005,12,2005-12-01,5.33,3.31,4.26,4.21,11.7,1534.8,George W. Bush,Republican,FALSE
2006,1,2006-01-01,4.76,3.04,5.34,4.97,13.06,1567.8,George W. Bush,Republican,FALSE
2006,2,2006-02-01,4.48,3.11,5.21,4.68,12.58,1600.3,George W. Bush,Republican,FALSE
2006,3,2006-03-01,4.73,3.15,5.26,4.7,8.88,1653.6,George W. Bush,Republican,FALSE
2006,4,2006-04-01,4.53,3.37,5.2,4.71,15.02,1697,George W. Bush,Republican,FALSE
2006,5,2006-05-01,4.4,3.18,5.32,4.77,13.46,1758.1,George W. Bush,Republican,FALSE
2006,6,2006-06-01,4.63,3.03,5.31,4.98,11.47,1679.4,George W. Bush,Republican,FALSE
2006,7,2006-07-01,4.54,2.98,5.06,4.57,13.56,1717,George W. Bush,Republican,FALSE
2006,8,2006-08-01,4.55,3.29,5.24,4.74,14.78,1724.5,George W. Bush,Republican,FALSE
2006,9,2006-09-01,4.48,3.4,5.42,4.78,15.13,1679.7,George W. Bush,Republican,FALSE
2006,10,2006-10-01,4.58,3,5.21,5.04,13.43,1707.6,George W. Bush,Republican,FALSE
2006,11,2006-11-01,4.73,3.21,5.25,5.03,13.79,1757.8,George W. Bush,Republican,FALSE
2006,12,2006-12-01,4.8,3.65,5.19,4.63,10.87,1789.8,George W. Bush,Republican,FALSE
2007,1,2007-01-01,4.68,3.36,4.41,4.66,19.02,1698.8,George W. Bush,Republican,FALSE
2007,2,2007-02-01,4.59,3.09,4.31,4.28,15.98,1770.2,George W. Bush,Republican,FALSE
2007,3,2007-03-01,4.82,3.03,4.37,4.67,19.44,1750.4,George W. Bush,Republican,FALSE
2007,4,2007-04-01,4.33,2.95,4.12,4.8,16.47,1825.2,George W. Bush,Republican,FALSE
2007,5,2007-05-01,4.32,2.77,4.28,4.59,17.78,1777.4,George W. Bush,Republican,FALSE
2007,6,2007-06-01,4.8,2.88,4.12,4.35,17.19,1835.5,George W. Bush,Republican,FALSE
2007,7,2007-07-01,4.43,2.72,4.09,4.47,19.22,1844.4,George W. Bush,Republican,FALSE
2007,8,2007-08-01,4.68,3.01,4.34,4.9,19.73,1804.4,George W. Bush,Republican,FALSE
2007,9,2007-09-01,4.62,2.92,4.32,4.57,17.81,1833.4,George W. Bush,Republican,FALSE
2007,10,2007-10-01,4.91,2.28,4.34,4.53,15.19,1823.9,George W. Bush,Republican,FALSE
2007,11,2007-11-01,4.51,2.9,4.22,4.76,18.79,1887.9,George W. Bush,Republican,FALSE
2007,12,2007-12-01,4.49,2.88,4.09,4.62,19.36,1881.5,George W. Bush,Republican,FALSE
2008,1,2008-01-01,5.69,3.81,0.29,3.63,32.08,1811.4,George W. Bush,Republican,FALSE
2008,2,2008-02-01,5.9,3.41,0.26,3.87,35.78,1751.2,George W. Bush,Republican,FALSE
2008,3,2008-03-01,5.81,3.42,0.23,3.61,35.25,1641.9,George W. Bush,Republican,FALSE
2008,4,2008-04-01,5.84,3.77,0.22,3.58,33.63,1552.7,George W. Bush,Republican,FALSE
2008,5,2008-05-01,5.87,3.95,0.15,3.64,31.39,1557.7,George W. Bush,Republican,FALSE
2008,6,2008-06-01,5.66,4.14,0.28,3.8,31.63,1579.9,George W. Bush,Republican,FALSE
2008,7,2008-07-01,5.83,4.07,0.27,3.68,31.96,1539.3,George W. Bush,Republican,FALSE
2008,8,2008-08-01,5.65,3.7,0.19,3.76,30.99,1520.5,George W. Bush,Republican,FALSE
2008,9,2008-09-01,5.87,4.04,0.25,3.59,35.53,1423.4,George W. Bush,Republican,FALSE
2008,10,2008-10-01,5.6,3.84,0.12,3.78,29.52,1345.4,George W. Bush,Republican,FALSE
2008,11,2008-11-01,6.19,3.61,0.48,3.8,32.96,1291.1,George W. Bush,Republican,FALSE
2008,12,2008-12-01,5.7,3.83,0.28,3.65,35.28,1286.8,George W. Bush,Republican,FALSE
2009,1,2009-01-01,9.4,-0.37,0.45,3.37,31.9,1294.6,George W. Bush,Republican,FALSE
2009,2,2009-02-01,9.27,-0.64,0.29,3.61,29.24,1321.7,Barack Obama,Democratic,FALSE
2009,3,2009-03-01,9.35,-0.67,0.17,3.32,28.78,1305.1,Barack Obama,Democratic,FALSE
2009,4,2009-04-01,9.09,-0.56,0.26,3.25,30.71,1325.2,Barack Obama,Democratic,FALSE
2009,5,2009-05-01,9.25,-0.4,0.24,3.07,33.49,1334.9,Barack Obama,Democratic,FALSE
2009,6,2009-06-01,9.16,-0.09,0.18,3.15,30.82,1365.7,Barack Obama,Democratic,FALSE
2009,7,2009-07-01,9.28,0.08,0.35,3.46,33.11,1411.3,Barack Obama,Democratic,FALSE
2009,8,2009-08-01,9.2,-0.18,0.2,3.23,34.96,1494.8,Barack Obama,Democratic,FALSE
2009,9,2009-09-01,9.37,-0.31,0.26,3.23,32.1,1551.8,Barack Obama,Democratic,FALSE
2009,10,2009-10-01,9.23,-0.66,0.25,3.38,32.25,1583.7,Barack Obama,Democratic,FALSE
2009,11,2009-11-01,9.46,-0.4,0.26,3.13,35.26,1635.1,Barack Obama,Democratic,FALSE
2009,12,2009-12-01,9.53,-0.61,0.1,3.4,31.35,1669.6,Barack Obama,Democratic,FALSE
2010,1,2010-01-01,9.69,1.49,0.46,3.02,20.78,1662.2,Barack Obama,Democratic,FALSE
2010,2,2010-02-01,9.65,1.66,0.04,3.1,18.67,1774.1,Barack Obama,Democratic,FALSE
2010,3,2010-03-01,10.01,1.34,0.19,3.25,24.53,1782.2,Barack Obama,Democratic,FALSE
2010,4,2010-04-01,9.65,1.74,0.14,3.16,24.08,1864.9,Barack Obama,Democratic,FALSE
2010,5,2010-05-01,9.57,2.06,0.19,3.29,26.25,1879.5,Barack Obama,Democratic,FALSE
2010,6,2010-06-01,9.49,1.52,0.22,3.09,25.44,1845.9,Barack Obama,Democratic,FALSE
2010,7,2010-07-01,9.62,1.46,0.41,3.56,21.88,1864.1,Barack Obama,Democratic,FALSE
2010,8,2010-08-01,9.41,1.48,0.14,3.21,25.32,1802.1,Barack Obama,Democratic,FALSE
2010,9,2010-09-01,9.31,1.68,0.29,3.15,22.06,1839.5,Barack Obama,Democratic,FALSE
2010,10,2010-10-01,9.51,1.6,0.36,3.25,23.66,1908,Barack Obama,Democratic,FALSE
2010,11,2010-11-01,9.63,1.69,0.27,3.27,18.8,1940.3,Barack Obama,Democratic,FALSE
2010,12,2010-12-01,9.66,1.48,0.3,3.05,24.55,1931.9,Barack Obama,Democratic,FALSE
2011,1,2011-01-01,9.03,3.36,0.33,2.96,26.09,1952.4,Barack Obama,Democratic,FALSE
2011,2,2011-02-01,9,3.29,0.28,2.67,22.61,1971.4,Barack Obama,Democratic,FALSE
2011,3,2011-03-01,8.88,2.98,0.2,2.95,22.13,1981.4,Barack Obama,Democratic,FALSE
2011,4,2011-04-01,8.88,3.36,0.17,2.94,22.89,1980.1,Barack Obama,Democratic,FALSE
2011,5,2011-05-01,8.88,3.19,0.07,2.56,25.66,1917.6,Barack Obama,Democratic,FALSE
2011,6,2011-06-01,8.43,3.37,0.09,2.8,24.07,1871.4,Barack Obama,Democratic,FALSE
2011,7,2011-07-01,8.99,2.9,0.14,2.79,23.94,1852.4,Barack Obama,Democratic,FALSE
2011,8,2011-08-01,8.94,3.6,0.13,2.64,24.46,1811.1,Barack Obama,Democratic,FALSE
2011,9,2011-09-01,9.14,3.13,0.52,2.88,23.69,1850.6,Barack Obama,Democratic,FALSE
2011,10,2011-10-01,8.83,3.15,0.47,2.96,24.87,1921.7,Barack Obama,Democratic,FALSE
2011,11,2011-11-01,8.7,2.96,0.28,2.83,21.68,1990.9,Barack Obama,Democratic,FALSE
2011,12,2011-12-01,9.09,3.11,0.32,2.61,25.92,1967.2,Barack Obama,Democratic,FALSE
2012,1,2012-01-01,8,2.34,0.3,1.75,20.67,2043.4,Barack Obama,Democratic,FALSE
2012,2,2012-02-01,8.34,2.67,0.3,1.96,18,2117.1,Barack Obama,Democratic,FALSE
2012,3,2012-03-01,8.06,2.24,0.23,2.06,17.03,2125,Barack Obama,Democratic,FALSE
2012,4,2012-04-01,7.87,2.03,0.1,1.9,19.04,2165.2,Barack Obama,Democratic,FALSE
2012,5,2012-05-01,8.29,2.27,0.12,1.72,19,2081.4,Barack Obama,Democratic,FALSE
2012,6,2012-06-01,8.43,2.14,0.29,1.74,17.51,2181.3,Barack Obama,Democratic,FALSE
2012,7,2012-07-01,8.3,1.65,0.35,1.61,20.87,2154.4,Barack Obama,Democratic,FALSE
2012,8,2012-08-01,7.86,1.8,0.18,1.98,15.08,2171.6,Barack Obama,Democratic,FALSE
2012,9,2012-09-01,8.25,1.81,0.19,1.85,16.23,2183.3,Barack Obama,Democratic,FALSE
2012,10,2012-10-01,7.89,1.75,0.51,1.72,19.56,2173.8,Barack Obama,Democratic,FALSE
2012,11,2012-11-01,7.81,2.27,0.24,1.91,15.09,2259.7,Barack Obama,Democratic,FALSE
2012,12,2012-12-01,8.11,2.22,0.19,1.39,17.92,2298.3,Barack Obama,Democratic,FALSE
2013,1,2013-01-01,7.4,1.49,0.17,2.45,14.14,2391.2,Barack Obama,Democratic,FALSE
2013,2,2013-02-01,7.66,1.56,0.21,2.72,14.76,2417.8,Barack Obama,Democratic,FALSE
2013,3,2013-03-01,7.49,1.04,0.28,2.18,16.61,2381.8,Barack Obama,Democratic,FALSE
2013,4,2013-04-01,7.31,2.05,0.32,2.03,9.77,2508.4,Barack Obama,Democratic,FALSE
2013,5,2013-05-01,7.52,1.62,0.33,2.49,16.26,2548.5,Barack Obama,Democratic,FALSE
2013,6,2013-06-01,7.3,1.03,0.31,2.42,13.87,2577.3,Barack Obama,Democratic,FALSE
2013,7,2013-07-01,7.51,1.39,0.27,2.49,13.55,2673.4,Barack Obama,Democratic,FALSE
2013,8,2013-08-01,7.6,1.54,0.26,2.15,14.73,2768,Barack Obama,Democratic,FALSE
2013,9,2013-09-01,7.39,1.07,0.18,2.64,13.2,2766.9,Barack Obama,Democratic,FALSE
2013,10,2013-10-01,7.3,1.93,0.22,2.32,13.32,2770.7,Barack Obama,Democratic,FALSE
2013,11,2013-11-01,7.18,1.75,0.27,2.65,15.49,3002.2,Barack Obama,Democratic,FALSE
2013,12,2013-12-01,7.12,1.53,0.18,2.26,12.29,3151.4,Barack Obama,Democratic,FALSE
2014,1,2014-01-01,6.36,1.34,0.32,2.55,13.42,3194.1,Barack Obama,Democratic,FALSE
2014,2,2014-02-01,6.1,1.76,0.27,2.44,13.74,3316.6,Barack Obama,Democratic,FALSE
2014,3,2014-03-01,6.21,1.88,0.36,2.4,13.42,3362.7,Barack Obama,Democratic,FALSE
2014,4,2014-04-01,6.02,1.33,0.19,2.6,13.16,3381.2,Barack Obama,Democratic,FALSE
2014,5,2014-05-01,6.06,1.28,0.39,2.59,12.74,3491.3,Barack Obama,Democratic,FALSE
2014,6,2014-06-01,6.42,1.23,0.13,2.41,16.2,3503.8,Barack Obama,Democratic,FALSE
2014,7,2014-07-01,6.02,1.71,0.17,2.66,15.69,3404.9,Barack Obama,Democratic,FALSE
2014,8,2014-08-01,6.22,1.65,0.23,2.43,15.58,3450.9,Barack Obama,Democratic,FALSE
2014,9,2014-09-01,6.27,1.65,0.22,2.62,13.67,3530.3,Barack Obama,Democratic,FALSE
2014,10,2014-10-01,6.14,1.73,0.3,2.45,11.89,3498.6,Barack Obama,Democratic,FALSE
2014,11,2014-11-01,6.26,1.64,0.22,2.46,13.77,3548.2,Barack Obama,Democratic,FALSE
2014,12,2014-12-01,6.32,1.98,0.21,2.38,14.72,3605.1,Barack Obama,Democratic,FALSE
2015,1,2015-01-01,5.03,0.27,0.52,1.98,13.77,3452.1,Barack Obama,Democratic,FALSE
2015,2,2015-02-01,5.46,0.18,0.67,2.38,17.37,3439.4,Barack Obama,Democratic,FALSE
2015,3,2015-03-01,5.52,-0.21,0.38,1.82,16.58,3313.3,Barack Obama,Democratic,FALSE
2015,4,2015-04-01,5.56,0.05,0.69,2.24,14.69,3305.4,Barack Obama,Democratic,FALSE
2015,5,2015-05-01,5.11,0.34,0.45,2.07,15.5,3460,Barack Obama,Democratic,FALSE
2015,6,2015-06-01,5.36,-0.04,0.4,2.19,20.85,3529.9,Barack Obama,Democratic,FALSE
2015,7,2015-07-01,5.43,0.23,0.4,2.13,18.84,3372,Barack Obama,Democratic,FALSE
2015,8,2015-08-01,5.27,-0.08,0.55,2.19,15.31,3472.1,Barack Obama,Democratic,FALSE
2015,9,2015-09-01,5.4,0.71,0.51,2.24,15.73,3452.7,Barack Obama,Democratic,FALSE
2015,10,2015-10-01,5.21,0.21,0.42,1.97,18.69,3586.3,Barack Obama,Democratic,FALSE
2015,11,2015-11-01,5.05,-0.58,0.57,1.8,17.23,3614.3,Barack Obama,Democratic,FALSE
2015,12,2015-12-01,5.19,0.11,0.43,2.19,19.45,3637.2,Barack Obama,Democratic,FALSE
2016,1,2016-01-01,5,1.42,0.6,1.96,18.03,3636.8,Barack Obama,Democratic,FALSE
2016,2,2016-02-01,4.99,1.27,0.67,1.93,13.92,3629.8,Barack Obama,Democratic,FALSE
2016,3,2016-03-01,4.8,1.27,0.87,1.76,18.18,3727.1,Barack Obama,Democratic,FALSE
2016,4,2016-04-01,4.93,1.22,0.76,1.92,16.58,3825.6,Barack Obama,Democratic,FALSE
2016,5,2016-05-01,4.69,1.51,0.82,1.74,18.23,3880.1,Barack Obama,Democratic,FALSE
2016,6,2016-06-01,4.88,1.17,0.81,1.71,15.14,3894.4,Barack Obama,Democratic,FALSE
2016,7,2016-07-01,4.7,1.58,0.68,1.77,15.35,3965.3,Barack Obama,Democratic,FALSE
2016,8,2016-08-01,5.01,1.4,0.78,1.78,18.11,4241.6,Barack Obama,Democratic,FALSE
2016,9,2016-09-01,5.31,1.48,0.66,1.7,14.05,4172.2,Barack Obama,Democratic,FALSE
2016,10,2016-10-01,4.94,1.24,0.76,1.73,14.29,4095.1,Barack Obama,Democratic,FALSE
2016,11,2016-11-01,4.63,0.96,0.78,1.88,13.24,4069.6,Barack Obama,Democratic,FALSE
2016,12,2016-12-01,4.93,1.09,0.8,1.73,16.88,4086.1,Barack Obama,Democratic,FALSE
2017,1,2017-01-01,4.21,1.92,1.54,2.3,9.34,4365.6,Barack Obama,Democratic,FALSE
2017,2,2017-02-01,4.33,1.84,1.35,2.33,11.94,4371,Donald Trump (1st term),Republican,FALSE
2017,3,2017-03-01,4.43,1.96,1.57,2.13,8.01,4456,Donald Trump (1st term),Republican,FALSE
2017,4,2017-04-01,4.59,2.15,1.44,2.14,11.56,4479.5,Donald Trump (1st term),Republican,FALSE
2017,5,2017-05-01,4.4,2,1.64,2.43,8.26,4620.7,Donald Trump (1st term),Republican,FALSE
2017,6,2017-06-01,4.34,2.41,1.43,2.38,11.11,4594.6,Donald Trump (1st term),Republican,FALSE
2017,7,2017-07-01,4.38,1.87,1.44,2.33,13.34,4803.7,Donald Trump (1st term),Republican,FALSE
2017,8,2017-08-01,4.31,2.37,1.48,2.21,12.06,4776.7,Donald Trump (1st term),Republican,FALSE
2017,9,2017-09-01,4.48,2.01,1.57,2.26,9.73,4834.9,Donald Trump (1st term),Republican,FALSE
2017,10,2017-10-01,4.4,2.14,1.51,2.26,13.42,5009.3,Donald Trump (1st term),Republican,FALSE
2017,11,2017-11-01,4.37,2.18,1.53,2.46,11.35,5042.3,Donald Trump (1st term),Republican,FALSE
2017,12,2017-12-01,4.55,2.34,1.52,2.37,11.87,5057.6,Donald Trump (1st term),Republican,FALSE
2018,1,2018-01-01,4.15,2.5,2.62,2.95,16.5,5259.2,Donald Trump (1st term),Republican,FALSE
2018,2,2018-02-01,3.81,2.03,2.36,3.03,16.49,5321.9,Donald Trump (1st term),Republican,FALSE
2018,3,2018-03-01,4,2.19,2.53,2.92,16.44,5418,Donald Trump (1st term),Republican,FALSE
2018,4,2018-04-01,3.75,2.36,2.55,2.95,16.2,5277.4,Donald Trump (1st term),Republican,FALSE
2018,5,2018-05-01,3.76,2.66,2.51,2.9,18.05,5227.6,Donald Trump (1st term),Republican,FALSE
2018,6,2018-06-01,3.42,2.5,2.43,2.91,14.95,5213.1,Donald Trump (1st term),Republican,FALSE
2018,7,2018-07-01,3.99,2.36,2.55,2.78,17.46,5132.7,Donald Trump (1st term),Republican,FALSE
2018,8,2018-08-01,3.96,2.57,2.43,2.95,15.6,5058.8,Donald Trump (1st term),Republican,FALSE
2018,9,2018-09-01,3.93,2.65,2.52,2.92,13.45,5038.4,Donald Trump (1st term),Republican,FALSE
2018,10,2018-10-01,3.97,2.16,2.45,2.71,12.39,4765.1,Donald Trump (1st term),Republican,FALSE
2018,11,2018-11-01,4.14,2.58,2.51,2.74,15.75,4945.6,Donald Trump (1st term),Republican,FALSE
2018,12,2018-12-01,3.91,2.27,2.55,3.04,18.72,4819.7,Donald Trump (1st term),Republican,FALSE
2019,1,2019-01-01,3.64,1.85,1.48,2.13,13.97,4785.7,Donald Trump (1st term),Republican,FALSE
2019,2,2019-02-01,4.01,1.76,1.81,2.25,14.78,4921.1,Donald Trump (1st term),Republican,FALSE
2019,3,2019-03-01,3.86,1.85,1.78,1.87,18.64,4973,Donald Trump (1st term),Republican,FALSE
2019,4,2019-04-01,3.73,1.94,1.82,2.28,16,5152.4,Donald Trump (1st term),Republican,FALSE
2019,5,2019-05-01,3.57,1.91,1.75,2.05,16.76,5454.9,Donald Trump (1st term),Republican,FALSE
2019,6,2019-06-01,3.81,1.78,1.81,2.16,13.23,5545.7,Donald Trump (1st term),Republican,FALSE
2019,7,2019-07-01,3.75,1.44,1.76,2.12,16.25,5594.4,Donald Trump (1st term),Republican,FALSE
2019,8,2019-08-01,3.8,1.57,1.89,2.14,16.13,5719.6,Donald Trump (1st term),Republican,FALSE
2019,9,2019-09-01,3.85,2.05,1.72,1.84,14.57,5957.8,Donald Trump (1st term),Republican,FALSE
2019,10,2019-10-01,3.39,1.76,1.76,1.97,13.33,6165.8,Donald Trump (1st term),Republican,FALSE
2019,11,2019-11-01,3.36,1.94,1.66,2.37,12.36,6375.5,Donald Trump (1st term),Republican,FALSE
2019,12,2019-12-01,3.63,1.78,1.77,2.02,13.98,6567.1,Donald Trump (1st term),Republican,FALSE
2020,1,2020-01-01,8.08,1.15,0.35,0.64,27.49,6515.3,Donald Trump (1st term),Republican,FALSE
2020,2,2020-02-01,7.99,0.91,0.12,0.76,31.27,6871.9,Donald Trump (1st term),Republican,FALSE
2020,3,2020-03-01,8.13,1.06,0.12,0.81,29.84,6783.3,Donald Trump (1st term),Republican,FALSE
2020,4,2020-04-01,8.2,1.36,0.22,0.97,28.5,7000.5,Donald Trump (1st term),Republican,FALSE
2020,5,2020-05-01,8.14,1.78,0.24,0.91,29.92,7170.7,Donald Trump (1st term),Republican,FALSE
2020,6,2020-06-01,7.8,1.19,0.35,0.78,26.86,7310.8,Donald Trump (1st term),Republican,FALSE
2020,7,2020-07-01,8.14,1.21,0.23,0.92,29.37,7528.1,Donald Trump (1st term),Republican,FALSE
2020,8,2020-08-01,8.2,1.6,0.3,1,29.53,7756.3,Donald Trump (1st term),Republican,FALSE
2020,9,2020-09-01,8.04,0.44,0.31,1.22,26.37,7807,Donald Trump (1st term),Republican,FALSE
2020,10,2020-10-01,8.03,1.27,0.22,1.08,31.47,7998.8,Donald Trump (1st term),Republican,FALSE
2020,11,2020-11-01,8.19,1.41,0.39,0.92,28.33,8074.5,Donald Trump (1st term),Republican,FALSE
2020,12,2020-12-01,8.25,1.02,0.14,0.79,29.05,7861.1,Donald Trump (1st term),Republican,FALSE
2021,1,2021-01-01,5.42,4.75,0.31,1.3,22.01,7921,Donald Trump (1st term),Republican,FALSE
2021,2,2021-02-01,5.54,5,0.41,1.21,19.26,8513.3,Joe Biden,Democratic,FALSE
2021,3,2021-03-01,5.3,4.63,0.42,1.44,19.51,8647.6,Joe Biden,Democratic,FALSE
2021,4,2021-04-01,5.12,5.15,0.03,1.12,19.2,8959,Joe Biden,Democratic,FALSE
2021,5,2021-05-01,5.54,4.55,0.23,1.58,17.4,9150.6,Joe Biden,Democratic,FALSE
2021,6,2021-06-01,5.68,4.63,0.31,1.56,23.53,9500.9,Joe Biden,Democratic,FALSE
2021,7,2021-07-01,5.19,4.67,0.25,1.42,21.49,9683.1,Joe Biden,Democratic,FALSE
2021,8,2021-08-01,5.84,4.6,0.31,1.31,19.57,9611.9,Joe Biden,Democratic,FALSE
2021,9,2021-09-01,5.38,4.92,0.23,1.39,24.61,10093.5,Joe Biden,Democratic,FALSE
2021,10,2021-10-01,5.35,4.58,0.14,1.58,17.68,9969.8,Joe Biden,Democratic,FALSE
2021,11,2021-11-01,5.13,4.38,0.08,1.43,18.8,10187.5,Joe Biden,Democratic,FALSE
2021,12,2021-12-01,5.33,4.54,0.29,1.46,16.93,10408,Joe Biden,Democratic,FALSE
2022,1,2022-01-01,3.96,8.11,4.43,3.14,28.4,10827.8,Joe Biden,Democratic,FALSE
2022,2,2022-02-01,3.93,8.06,4.59,2.86,25.52,10460,Joe Biden,Democratic,FALSE
2022,3,2022-03-01,3.56,8,4.47,3.13,27.23,10017.3,Joe Biden,Democratic,FALSE
2022,4,2022-04-01,3.58,8.03,4.43,2.92,26.72,9813.8,Joe Biden,Democratic,FALSE
2022,5,2022-05-01,3.52,7.86,4.52,2.93,28,9423.5,Joe Biden,Democratic,FALSE
2022,6,2022-06-01,3.69,8.18,4.64,3.26,23.66,9632.8,Joe Biden,Democratic,FALSE
2022,7,2022-07-01,3.54,7.94,4.55,2.92,26.43,9374.1,Joe Biden,Democratic,FALSE
2022,8,2022-08-01,3.26,8.28,4.5,2.75,24.22,9111.3,Joe Biden,Democratic,FALSE
2022,9,2022-09-01,3.52,7.99,4.51,2.92,25.79,9154.2,Joe Biden,Democratic,FALSE
2022,10,2022-10-01,3.73,7.88,4.47,2.99,25.62,8925.4,Joe Biden,Democratic,FALSE
2022,11,2022-11-01,3.43,7.9,4.47,3.08,25.86,8667.6,Joe Biden,Democratic,FALSE
2022,12,2022-12-01,3.47,7.78,4.42,3.11,24.54,8640.6,Joe Biden,Democratic,FALSE
2023,1,2023-01-01,3.69,4.09,5.5,3.99,16.85,8674.7,Joe Biden,Democratic,FALSE
2023,2,2023-02-01,3.4,3.85,5.46,4.03,14.86,8551.1,Joe Biden,Democratic,FALSE
2023,3,2023-03-01,3.77,3.62,5.66,3.83,18.14,9064.3,Joe Biden,Democratic,FALSE
2023,4,2023-04-01,3.96,3.96,5.49,3.78,15.88,9072.4,Joe Biden,Democratic,FALSE
2023,5,2023-05-01,3.65,4.18,5.56,3.82,17.28,9276.2,Joe Biden,Democratic,FALSE
2023,6,2023-06-01,3.43,4.03,5.49,3.93,15.98,9743,Joe Biden,Democratic,FALSE
2023,7,2023-07-01,3.64,4.43,5.31,4.02,20.43,9573.2,Joe Biden,Democratic,FALSE
2023,8,2023-08-01,3.38,4.28,5.73,4.27,15.06,9924.5,Joe Biden,Democratic,FALSE
2023,9,2023-09-01,3.51,3.62,5.38,4.22,19.3,10161.9,Joe Biden,Democratic,FALSE
2023,10,2023-10-01,3.89,4.41,5.35,4.15,19.12,10366,Joe Biden,Democratic,FALSE
2023,11,2023-11-01,3.42,4.29,5.54,4.07,17.23,10806.5,Joe Biden,Democratic,FALSE
2023,12,2023-12-01,3.47,4.44,5.53,3.89,13.88,11172.2,Joe Biden,Democratic,FALSE
2024,1,2024-01-01,4.24,3.16,4.45,4.23,17.43,11339.7,Joe Biden,Democratic,FALSE
2024,2,2024-02-01,4.08,2.83,4.51,4.16,15.02,11697.3,Joe Biden,Democratic,FALSE
2024,3,2024-03-01,4.3,2.68,4.65,4.05,14.24,11631.6,Joe Biden,Democratic,FALSE
2024,4,2024-04-01,3.74,2.87,4.55,4.23,14.02,11696,Joe Biden,Democratic,FALSE
2024,5,2024-05-01,3.75,2.18,4.46,4.38,19.19,12153.9,Joe Biden,Democratic,FALSE
2024,6,2024-06-01,3.94,2.96,4.49,4.67,18.07,12556.3,Joe Biden,Democratic,FALSE
2024,7,2024-07-01,3.97,3.2,4.53,3.79,13.63,13255.4,Joe Biden,Democratic,FALSE
2024,8,2024-08-01,4.27,2.82,4.47,4.17,18.87,13165.6,Joe Biden,Democratic,FALSE
2024,9,2024-09-01,3.84,3.2,4.28,4.2,18.44,13141.3,Joe Biden,Democratic,FALSE
2024,10,2024-10-01,3.99,3.2,4.41,4.13,16.15,13427.5,Joe Biden,Democratic,FALSE
2024,11,2024-11-01,3.87,2.83,4.53,4.21,14.38,14046.1,Joe Biden,Democratic,FALSE
2024,12,2024-12-01,4.01,2.87,4.66,4.18,12.56,14276.3,Joe Biden,Democratic,FALSE
2025,1,2025-01-01,4.26,2.68,3.76,4.23,15.18,14411.5,Joe Biden,Democratic,FALSE
2025,2,2025-02-01,4.1,3.16,3.79,4.46,19.87,14607.5,Donald Trump (2nd term),Republican,TRUE
2025,3,2025-03-01,4.11,2.94,3.71,4.28,21.76,14703.1,Donald Trump (2nd term),Republican,TRUE
2025,4,2025-04-01,4.35,2.5,3.53,4.21,20.87,14411.1,Donald Trump (2nd term),Republican,TRUE
2025,5,2025-05-01,4.48,2.81,3.85,4.35,17.55,14542.1,Donald Trump (2nd term),Republican,TRUE
2025,6,2025-06-01,3.8,2.75,3.84,4.12,17.49,14901.3,Donald Trump (2nd term),Republican,TRUE
2025,7,2025-07-01,4.02,2.66,3.89,4.11,19.49,14923.6,Donald Trump (2nd term),Republican,TRUE
2025,8,2025-08-01,4.15,2.6,3.81,4.42,15.28,15204.3,Donald Trump (2nd term),Republican,TRUE
2025,9,2025-09-01,4.44,2.87,3.73,4.3,15.61,15314.1,Donald Trump (2nd term),Republican,TRUE
2025,10,2025-10-01,4.2,2.57,3.72,4.26,18.08,15516.4,Donald Trump (2nd term),Republican,TRUE
2025,11,2025-11-01,4.22,2.91,3.69,4.23,18.15,15548,Donald Trump (2nd term),Republican,TRUE
2025,12,2025-12-01,4.27,3.15,3.68,4.63,16.67,16071.7,Donald Trump (2nd term),Republican,TRUE
2026,1,2026-01-01,4.45,2.4,3.49,3.69,19.36,16642.9,Donald Trump (2nd term),Republican,TRUE
2026,2,2026-02-01,4.29,2.59,3.15,4.06,20.4,16442.6,Donald Trump (2nd term),Republican,TRUE
2026,3,2026-03-01,4.7,2.65,3.24,3.86,22.17,16532,Donald Trump (2nd term),Republican,TRUE
2026,4,2026-04-01,4.56,2.9,3.33,3.96,22.09,16608.7,Donald Trump (2nd term),Republican,TRUE
